config,acc_all,acc_mixed,acc_balanced,acc_official,pooling,rel_depth
majority,0.7870813397129187,0.5470085470085471,0.5416666666666666,0.68,,
base-accuracy,0.6626794258373205,0.7435897435897436,0.7462121212121211,0.32,,
shared,0.678628389154705,0.5527065527065528,0.5492424242424242,0.6266666666666666,last,0.027777777777777776
shared,0.7017543859649122,0.5213675213675213,0.5202020202020202,0.6266666666666667,last,0.05555555555555555
shared,0.7408293460925041,0.5299145299145299,0.5265151515151515,0.6666666666666666,last,0.08333333333333333
shared,0.7264752791068579,0.527065527065527,0.5265151515151516,0.6133333333333334,last,0.1111111111111111
shared,0.7137161084529505,0.547008547008547,0.5441919191919192,0.5866666666666668,last,0.1388888888888889
shared,0.7081339712918661,0.5413105413105413,0.5404040404040403,0.6133333333333333,last,0.16666666666666666
shared,0.7248803827751197,0.5299145299145299,0.529040404040404,0.6666666666666666,last,0.19444444444444445
shared,0.7129186602870813,0.5299145299145299,0.5290404040404041,0.68,last,0.2222222222222222
shared,0.7089314194577353,0.5384615384615384,0.5340909090909091,0.6533333333333333,last,0.25
shared,0.7216905901116428,0.5299145299145299,0.5277777777777777,0.6533333333333333,last,0.2777777777777778
shared,0.7464114832535885,0.5327635327635328,0.5303030303030303,0.6533333333333333,last,0.3055555555555556
shared,0.7328548644338119,0.5413105413105413,0.5366161616161617,0.56,last,0.3333333333333333
shared,0.7432216905901118,0.5413105413105413,0.5404040404040403,0.6533333333333333,last,0.3611111111111111
shared,0.736842105263158,0.5356125356125356,0.537878787878788,0.6133333333333334,last,0.3888888888888889
shared,0.75518341307815,0.5356125356125356,0.5340909090909091,0.6933333333333334,last,0.4166666666666667
shared,0.7440191387559808,0.5213675213675214,0.5252525252525252,0.68,last,0.4444444444444444
shared,0.7440191387559808,0.5356125356125356,0.5340909090909091,0.5866666666666667,last,0.4722222222222222
shared,0.7344497607655502,0.5213675213675214,0.5214646464646465,0.6266666666666666,last,0.5
shared,0.7400318979266348,0.5327635327635328,0.5340909090909091,0.6000000000000001,last,0.5277777777777778
shared,0.7240829346092504,0.5441595441595442,0.5416666666666666,0.5466666666666667,last,0.5555555555555556
shared,0.7113237639553428,0.5441595441595443,0.5416666666666666,0.56,last,0.5833333333333334
shared,0.7192982456140351,0.5413105413105413,0.539141414141414,0.6000000000000001,last,0.6111111111111112
shared,0.6937799043062202,0.5270655270655271,0.5239898989898989,0.5333333333333333,last,0.6388888888888888
shared,0.6977671451355661,0.5299145299145299,0.5265151515151514,0.52,last,0.6666666666666666
shared,0.7169059011164274,0.5612535612535613,0.558080808080808,0.56,last,0.6944444444444444
shared,0.722488038277512,0.5498575498575499,0.5441919191919191,0.56,last,0.7222222222222222
shared,0.7344497607655502,0.5555555555555555,0.5505050505050505,0.5866666666666668,last,0.75
shared,0.7416267942583733,0.564102564102564,0.558080808080808,0.6266666666666666,last,0.7777777777777778
shared,0.7368421052631579,0.5584045584045584,0.5505050505050505,0.5733333333333334,last,0.8055555555555556
shared,0.74481658692185,0.5612535612535613,0.5555555555555555,0.6533333333333333,last,0.8333333333333334
shared,0.74481658692185,0.5555555555555556,0.5517676767676766,0.6533333333333333,last,0.8611111111111112
shared,0.7248803827751197,0.5356125356125356,0.5328282828282828,0.6000000000000001,last,0.8888888888888888
shared,0.7376395534290271,0.5384615384615384,0.5366161616161615,0.6666666666666666,last,0.9166666666666666
shared,0.7280701754385964,0.5498575498575499,0.547979797979798,0.5866666666666668,last,0.9444444444444444
shared,0.7328548644338119,0.5327635327635328,0.5315656565656565,0.6000000000000001,last,0.9722222222222222
shared,0.75518341307815,0.5356125356125356,0.5353535353535354,0.7333333333333334,last,1.0
self,0.7017543859649122,0.5498575498575499,0.5505050505050506,0.5333333333333333,last,0.1
self,0.7105263157894738,0.5641025641025641,0.5643939393939393,0.5466666666666667,last,0.15
self,0.7288676236044657,0.5698005698005698,0.5643939393939394,0.5866666666666667,last,0.2
self,0.7360446570972886,0.5584045584045584,0.5555555555555555,0.6133333333333333,last,0.25
self,0.7352472089314195,0.5413105413105413,0.5391414141414141,0.6000000000000001,last,0.3
self,0.7432216905901118,0.5641025641025641,0.5580808080808081,0.6,last,0.35
self,0.7424242424242423,0.5641025641025641,0.5580808080808081,0.6666666666666666,last,0.4
self,0.7424242424242423,0.5641025641025641,0.5593434343434344,0.6000000000000001,last,0.45
self,0.7376395534290271,0.5555555555555555,0.5542929292929294,0.5866666666666668,last,0.5
self,0.751993620414673,0.5754985754985755,0.5669191919191919,0.5866666666666668,last,0.55
self,0.7615629984051037,0.5811965811965811,0.5744949494949495,0.6000000000000001,last,0.6
self,0.7639553429027113,0.584045584045584,0.5757575757575758,0.6133333333333334,last,0.65
self,0.766347687400319,0.584045584045584,0.5782828282828283,0.6533333333333333,last,0.7
self,0.7647527910685805,0.5783475783475783,0.5694444444444443,0.64,last,0.75
self,0.7543859649122807,0.5498575498575499,0.539141414141414,0.6266666666666666,last,0.8
self,0.7615629984051037,0.5726495726495727,0.5656565656565656,0.64,last,0.85
self,0.7695374800637959,0.5811965811965812,0.5744949494949494,0.6666666666666666,last,0.9
self,0.7799043062200957,0.584045584045584,0.5757575757575757,0.68,last,0.95
self,0.7703349282296651,0.5868945868945868,0.5782828282828282,0.6666666666666666,last,1.0
shared,0.7615629984051037,0.5527065527065527,0.5467171717171717,0.7333333333333334,mean,0.027777777777777776
shared,0.7647527910685805,0.5384615384615384,0.5328282828282828,0.7600000000000001,mean,0.05555555555555555
shared,0.7464114832535885,0.5441595441595442,0.5366161616161617,0.7066666666666667,mean,0.08333333333333333
shared,0.7408293460925041,0.5498575498575499,0.5441919191919191,0.68,mean,0.1111111111111111
shared,0.7464114832535885,0.5470085470085471,0.5404040404040403,0.7200000000000001,mean,0.1388888888888889
shared,0.7519936204146731,0.547008547008547,0.5429292929292928,0.7066666666666667,mean,0.16666666666666666
shared,0.7583732057416267,0.5527065527065528,0.5479797979797979,0.6533333333333333,mean,0.19444444444444445
shared,0.7791068580542264,0.5698005698005698,0.5631313131313131,0.68,mean,0.2222222222222222
shared,0.7743221690590111,0.5584045584045584,0.5517676767676768,0.7200000000000001,mean,0.25
shared,0.7743221690590113,0.547008547008547,0.539141414141414,0.7333333333333334,mean,0.2777777777777778
shared,0.7894736842105264,0.5754985754985755,0.5656565656565656,0.7733333333333334,mean,0.3055555555555556
shared,0.7687400318979266,0.5498575498575499,0.5416666666666666,0.7733333333333334,mean,0.3333333333333333
shared,0.7799043062200957,0.5641025641025641,0.5568181818181818,0.7466666666666667,mean,0.3611111111111111
shared,0.7838915470494419,0.5698005698005698,0.5618686868686869,0.7333333333333334,mean,0.3888888888888889
shared,0.7870813397129187,0.5726495726495726,0.5669191919191919,0.7066666666666667,mean,0.4166666666666667
shared,0.7799043062200958,0.5726495726495726,0.5681818181818182,0.7066666666666667,mean,0.4444444444444444
shared,0.7854864433811802,0.5726495726495726,0.5707070707070707,0.7200000000000001,mean,0.4722222222222222
shared,0.7719298245614036,0.5498575498575499,0.5467171717171717,0.7200000000000001,mean,0.5
shared,0.7743221690590111,0.5641025641025641,0.5568181818181818,0.6666666666666666,mean,0.5277777777777778
shared,0.7679425837320575,0.5584045584045584,0.5517676767676767,0.6533333333333333,mean,0.5555555555555556
shared,0.766347687400319,0.5498575498575499,0.5467171717171717,0.6266666666666667,mean,0.5833333333333334
shared,0.7767145135566187,0.5584045584045584,0.556818181818182,0.64,mean,0.6111111111111112
shared,0.7759170653907496,0.5726495726495727,0.5719696969696969,0.5866666666666667,mean,0.6388888888888888
shared,0.7751196172248805,0.5641025641025641,0.5643939393939393,0.6266666666666666,mean,0.6666666666666666
shared,0.7862838915470495,0.5754985754985754,0.5757575757575757,0.68,mean,0.6944444444444444
shared,0.7910685805422647,0.5868945868945868,0.5833333333333331,0.68,mean,0.7222222222222222
shared,0.7862838915470495,0.5726495726495726,0.5694444444444444,0.6666666666666666,mean,0.75
shared,0.7751196172248803,0.5783475783475783,0.5757575757575757,0.68,mean,0.7777777777777778
shared,0.7759170653907498,0.5555555555555556,0.5492424242424242,0.7200000000000001,mean,0.8055555555555556
shared,0.7695374800637959,0.5612535612535613,0.5555555555555555,0.6933333333333334,mean,0.8333333333333334
shared,0.7735247208931421,0.5612535612535613,0.5542929292929292,0.7200000000000001,mean,0.8611111111111112
shared,0.7743221690590113,0.5669515669515669,0.5643939393939393,0.7200000000000001,mean,0.8888888888888888
shared,0.7743221690590111,0.5698005698005698,0.5631313131313131,0.7066666666666667,mean,0.9166666666666666
shared,0.7759170653907496,0.5783475783475783,0.577020202020202,0.7200000000000001,mean,0.9444444444444444
shared,0.7759170653907496,0.5783475783475783,0.5782828282828283,0.68,mean,0.9722222222222222
shared,0.7799043062200957,0.5669515669515669,0.5656565656565656,0.7200000000000001,mean,1.0
self,0.7424242424242423,0.5213675213675214,0.5126262626262625,0.5866666666666667,mean,0.1
self,0.7503987240829346,0.5584045584045584,0.5530303030303029,0.6,mean,0.15
self,0.75518341307815,0.5584045584045584,0.5517676767676768,0.56,mean,0.2
self,0.7408293460925041,0.5413105413105413,0.537878787878788,0.5466666666666667,mean,0.25
self,0.7559808612440192,0.5698005698005698,0.5618686868686869,0.5733333333333334,mean,0.3
self,0.7599681020733652,0.5925925925925927,0.5883838383838383,0.5466666666666667,mean,0.35
self,0.7639553429027113,0.5954415954415956,0.5946969696969697,0.5866666666666668,mean,0.4
self,0.7655502392344498,0.5925925925925926,0.5909090909090909,0.5866666666666668,mean,0.45
self,0.7671451355661881,0.6011396011396011,0.6010101010101011,0.6133333333333333,mean,0.5
self,0.7695374800637959,0.6096866096866097,0.6060606060606061,0.5733333333333334,mean,0.55
self,0.7663476874003189,0.5897435897435898,0.585858585858586,0.5333333333333333,mean,0.6
self,0.7535885167464116,0.5726495726495726,0.5669191919191919,0.5866666666666668,mean,0.65
self,0.7607655502392344,0.5584045584045584,0.5530303030303031,0.6,mean,0.7
self,0.75518341307815,0.5612535612535612,0.5568181818181818,0.6133333333333333,mean,0.75
self,0.7480063795853269,0.5555555555555555,0.5505050505050505,0.6266666666666666,mean,0.8
self,0.7511961722488039,0.5641025641025641,0.5568181818181818,0.6266666666666666,mean,0.85
self,0.7519936204146731,0.5641025641025641,0.5555555555555555,0.5866666666666668,mean,0.9
self,0.7591706539074959,0.5669515669515669,0.5555555555555556,0.5733333333333334,mean,0.95
self,0.7519936204146731,0.5698005698005698,0.5606060606060606,0.5733333333333334,mean,1.0
