config,band,pooling,alpha,base_corr,acc_all,acc_mixed,acc_balanced,acc_official
two_step,0.5-0.7,last,100.0,0.474413164520642,0.6028985507246377,0.5297619047619048,0.5208333333333334,0.49333333333333335
direct_band,0.5-0.7,last,100.0,0.474413164520642,0.6971014492753623,0.5595238095238095,0.5578703703703703,0.5333333333333333
blend,0.5-0.7,last,100.0,0.474413164520642,0.6550724637681159,0.5,0.4907407407407407,0.52
two_step,0.5-0.7,last,1000.0,0.5316445881074944,0.6159420289855072,0.5476190476190476,0.5462962962962963,0.5066666666666667
direct_band,0.5-0.7,last,1000.0,0.5316445881074944,0.6971014492753623,0.5595238095238095,0.5578703703703703,0.5333333333333333
blend,0.5-0.7,last,1000.0,0.5316445881074944,0.672463768115942,0.5297619047619048,0.525462962962963,0.5333333333333333
two_step,0.5-0.7,last,10000.0,0.548523267355521,0.6463768115942029,0.5773809523809523,0.5694444444444443,0.5333333333333333
direct_band,0.5-0.7,last,10000.0,0.548523267355521,0.6971014492753623,0.5595238095238095,0.5578703703703703,0.5333333333333333
blend,0.5-0.7,last,10000.0,0.548523267355521,0.6884057971014492,0.5595238095238095,0.5601851851851851,0.5466666666666667
two_step,0.5-0.7,mean,100.0,0.48559207798709997,0.5985507246376811,0.5059523809523809,0.5069444444444444,0.5066666666666667
direct_band,0.5-0.7,mean,100.0,0.48559207798709997,0.7376811594202898,0.6666666666666666,0.6504629629629629,0.6133333333333333
blend,0.5-0.7,mean,100.0,0.48559207798709997,0.6797101449275362,0.625,0.611111111111111,0.52
two_step,0.5-0.7,mean,1000.0,0.5072595168413206,0.6072463768115942,0.5178571428571428,0.5162037037037037,0.5066666666666667
direct_band,0.5-0.7,mean,1000.0,0.5072595168413206,0.7376811594202898,0.6666666666666666,0.6504629629629629,0.6133333333333333
blend,0.5-0.7,mean,1000.0,0.5072595168413206,0.6782608695652174,0.6071428571428572,0.5925925925925926,0.5333333333333333
two_step,0.5-0.7,mean,10000.0,0.4735173109166923,0.608695652173913,0.4702380952380952,0.4699074074074074,0.6
direct_band,0.5-0.7,mean,10000.0,0.4735173109166923,0.7376811594202898,0.6666666666666666,0.6504629629629629,0.6133333333333333
blend,0.5-0.7,mean,10000.0,0.4735173109166923,0.7101449275362319,0.625,0.6087962962962962,0.6133333333333333
two_step,0.6-0.8,last,100.0,0.5052193249414797,0.5855072463768116,0.48809523809523814,0.48148148148148145,0.44
direct_band,0.6-0.8,last,100.0,0.5052193249414797,0.6985507246376811,0.5654761904761905,0.5578703703703702,0.56
blend,0.6-0.8,last,100.0,0.5052193249414797,0.6478260869565218,0.5059523809523809,0.4976851851851851,0.49333333333333335
two_step,0.6-0.8,last,1000.0,0.5470103635987427,0.6144927536231884,0.5357142857142857,0.5300925925925924,0.49333333333333335
direct_band,0.6-0.8,last,1000.0,0.5470103635987427,0.6985507246376811,0.5654761904761905,0.5578703703703702,0.56
blend,0.6-0.8,last,1000.0,0.5470103635987427,0.6753623188405798,0.5714285714285715,0.5694444444444443,0.49333333333333335
two_step,0.6-0.8,last,10000.0,0.5532643531662775,0.6434782608695652,0.5714285714285713,0.5601851851851852,0.48
direct_band,0.6-0.8,last,10000.0,0.5532643531662775,0.6985507246376811,0.5654761904761905,0.5578703703703702,0.56
blend,0.6-0.8,last,10000.0,0.5532643531662775,0.689855072463768,0.5952380952380952,0.5902777777777777,0.52
two_step,0.6-0.8,mean,100.0,0.4973262307872853,0.5985507246376812,0.5238095238095238,0.5162037037037036,0.5333333333333333
direct_band,0.6-0.8,mean,100.0,0.4973262307872853,0.7376811594202898,0.6547619047619048,0.6388888888888888,0.6
blend,0.6-0.8,mean,100.0,0.4973262307872853,0.6710144927536232,0.5892857142857143,0.5763888888888888,0.52
two_step,0.6-0.8,mean,1000.0,0.5198266922175985,0.6057971014492753,0.5059523809523809,0.5023148148148148,0.5466666666666667
direct_band,0.6-0.8,mean,1000.0,0.5198266922175985,0.7376811594202898,0.6547619047619048,0.6388888888888888,0.6
blend,0.6-0.8,mean,1000.0,0.5198266922175985,0.6811594202898551,0.5952380952380952,0.5810185185185185,0.5466666666666667
two_step,0.6-0.8,mean,10000.0,0.48920076706646354,0.6144927536231884,0.48214285714285715,0.4791666666666666,0.6
direct_band,0.6-0.8,mean,10000.0,0.48920076706646354,0.7376811594202898,0.6547619047619048,0.6388888888888888,0.6
blend,0.6-0.8,mean,10000.0,0.48920076706646354,0.7043478260869566,0.6130952380952381,0.5902777777777777,0.6266666666666666
two_step,0.7-0.9,last,100.0,0.49006786519827195,0.5695652173913044,0.4702380952380953,0.46064814814814814,0.4666666666666666
direct_band,0.7-0.9,last,100.0,0.49006786519827195,0.6985507246376811,0.5654761904761904,0.5601851851851851,0.5866666666666668
blend,0.7-0.9,last,100.0,0.49006786519827195,0.6594202898550724,0.5238095238095238,0.5162037037037037,0.5066666666666667
two_step,0.7-0.9,last,1000.0,0.5396617133964594,0.6028985507246377,0.5238095238095238,0.5208333333333333,0.49333333333333335
direct_band,0.7-0.9,last,1000.0,0.5396617133964594,0.6985507246376811,0.5654761904761904,0.5601851851851851,0.5866666666666668
blend,0.7-0.9,last,1000.0,0.5396617133964594,0.6942028985507246,0.5952380952380952,0.5949074074074074,0.52
two_step,0.7-0.9,last,10000.0,0.5489782651422741,0.6347826086956522,0.5714285714285714,0.5601851851851851,0.49333333333333335
direct_band,0.7-0.9,last,10000.0,0.5489782651422741,0.6985507246376811,0.5654761904761904,0.5601851851851851,0.5866666666666668
blend,0.7-0.9,last,10000.0,0.5489782651422741,0.6956521739130435,0.6071428571428572,0.6064814814814814,0.5333333333333333
two_step,0.7-0.9,mean,100.0,0.5096118747869478,0.5985507246376811,0.5119047619047619,0.5069444444444444,0.5066666666666667
direct_band,0.7-0.9,mean,100.0,0.5096118747869478,0.7405797101449276,0.6547619047619048,0.6342592592592592,0.6266666666666666
blend,0.7-0.9,mean,100.0,0.5096118747869478,0.6695652173913044,0.5833333333333334,0.5787037037037037,0.5333333333333333
two_step,0.7-0.9,mean,1000.0,0.5261496475483401,0.6144927536231884,0.5297619047619048,0.5254629629629629,0.52
direct_band,0.7-0.9,mean,1000.0,0.5261496475483401,0.7405797101449276,0.6547619047619048,0.6342592592592592,0.6266666666666666
blend,0.7-0.9,mean,1000.0,0.5261496475483401,0.6753623188405796,0.5833333333333334,0.5717592592592592,0.5466666666666667
two_step,0.7-0.9,mean,10000.0,0.4902203278244072,0.6043478260869565,0.4761904761904762,0.46990740740740744,0.6133333333333334
direct_band,0.7-0.9,mean,10000.0,0.4902203278244072,0.7405797101449276,0.6547619047619048,0.6342592592592592,0.6266666666666666
blend,0.7-0.9,mean,10000.0,0.4902203278244072,0.6884057971014492,0.5892857142857143,0.5671296296296297,0.6
two_step,0.8-1.0,last,100.0,0.4629865943969529,0.5855072463768116,0.5119047619047619,0.5092592592592592,0.49333333333333335
direct_band,0.8-1.0,last,100.0,0.4629865943969529,0.6869565217391305,0.5833333333333334,0.5787037037037036,0.5733333333333334
blend,0.8-1.0,last,100.0,0.4629865943969529,0.6565217391304348,0.5595238095238095,0.5601851851851852,0.52
two_step,0.8-1.0,last,1000.0,0.5246320276882462,0.5869565217391304,0.5238095238095238,0.525462962962963,0.4666666666666666
direct_band,0.8-1.0,last,1000.0,0.5246320276882462,0.6869565217391305,0.5833333333333334,0.5787037037037036,0.5733333333333334
blend,0.8-1.0,last,1000.0,0.5246320276882462,0.6840579710144926,0.5952380952380952,0.5949074074074073,0.52
two_step,0.8-1.0,last,10000.0,0.5457430185477326,0.6318840579710145,0.5714285714285714,0.5648148148148148,0.48
direct_band,0.8-1.0,last,10000.0,0.5457430185477326,0.6869565217391305,0.5833333333333334,0.5787037037037036,0.5733333333333334
blend,0.8-1.0,last,10000.0,0.5457430185477326,0.689855072463768,0.6071428571428571,0.6064814814814814,0.5333333333333333
two_step,0.8-1.0,mean,100.0,0.49301095210592355,0.5840579710144927,0.511904761904762,0.5069444444444444,0.48
direct_band,0.8-1.0,mean,100.0,0.49301095210592355,0.7231884057971015,0.6309523809523809,0.6041666666666665,0.5866666666666668
blend,0.8-1.0,mean,100.0,0.49301095210592355,0.6797101449275362,0.6309523809523809,0.6157407407407406,0.48
two_step,0.8-1.0,mean,1000.0,0.5082365589104081,0.6101449275362318,0.5297619047619048,0.5324074074074073,0.5066666666666667
direct_band,0.8-1.0,mean,1000.0,0.5082365589104081,0.7231884057971015,0.6309523809523809,0.6041666666666665,0.5866666666666668
blend,0.8-1.0,mean,1000.0,0.5082365589104081,0.6797101449275362,0.6130952380952381,0.5972222222222222,0.5333333333333333
two_step,0.8-1.0,mean,10000.0,0.4722495182958924,0.5942028985507247,0.4761904761904762,0.4699074074074074,0.52
direct_band,0.8-1.0,mean,10000.0,0.4722495182958924,0.7231884057971015,0.6309523809523809,0.6041666666666665,0.5866666666666668
blend,0.8-1.0,mean,10000.0,0.4722495182958924,0.6797101449275362,0.5654761904761906,0.5462962962962962,0.56
two_step,0.6-1.0,last,100.0,0.47668479610507813,0.581159420289855,0.511904761904762,0.5046296296296295,0.4666666666666666
direct_band,0.6-1.0,last,100.0,0.47668479610507813,0.6942028985507247,0.5833333333333334,0.5763888888888888,0.5733333333333334
blend,0.6-1.0,last,100.0,0.47668479610507813,0.6623188405797101,0.5535714285714286,0.5509259259259259,0.5066666666666667
two_step,0.6-1.0,last,1000.0,0.5316065978070149,0.5898550724637681,0.5238095238095238,0.5231481481481481,0.48
direct_band,0.6-1.0,last,1000.0,0.5316065978070149,0.6942028985507247,0.5833333333333334,0.5763888888888888,0.5733333333333334
blend,0.6-1.0,last,1000.0,0.5316065978070149,0.6884057971014492,0.6071428571428571,0.6087962962962963,0.52
two_step,0.6-1.0,last,10000.0,0.5489352566348215,0.6304347826086957,0.5595238095238095,0.5509259259259259,0.48
direct_band,0.6-1.0,last,10000.0,0.5489352566348215,0.6942028985507247,0.5833333333333334,0.5763888888888888,0.5733333333333334
blend,0.6-1.0,last,10000.0,0.5489352566348215,0.689855072463768,0.6071428571428571,0.6064814814814814,0.5466666666666667
two_step,0.6-1.0,mean,100.0,0.4970670755369979,0.6028985507246377,0.511904761904762,0.5069444444444444,0.5066666666666667
direct_band,0.6-1.0,mean,100.0,0.4970670755369979,0.7304347826086958,0.6488095238095238,0.625,0.5866666666666668
blend,0.6-1.0,mean,100.0,0.4970670755369979,0.6782608695652174,0.5952380952380952,0.5833333333333334,0.5066666666666667
two_step,0.6-1.0,mean,1000.0,0.5151785062169497,0.6130434782608696,0.5297619047619048,0.5300925925925926,0.5066666666666667
direct_band,0.6-1.0,mean,1000.0,0.5151785062169497,0.7304347826086958,0.6488095238095238,0.625,0.5866666666666668
blend,0.6-1.0,mean,1000.0,0.5151785062169497,0.6753623188405796,0.5892857142857143,0.574074074074074,0.5466666666666667
two_step,0.6-1.0,mean,10000.0,0.48099132530780814,0.6057971014492755,0.5,0.4953703703703704,0.5733333333333334
direct_band,0.6-1.0,mean,10000.0,0.48099132530780814,0.7304347826086958,0.6488095238095238,0.625,0.5866666666666668
blend,0.6-1.0,mean,10000.0,0.48099132530780814,0.6855072463768116,0.5833333333333334,0.5624999999999999,0.5866666666666668
